{
  "assetCategories": {
    "surface": {
      "concrete": {
        "dirty": {},
        "rough": {}
      }
    }
  },
  "averageColor": "#000000",
  "categories": [
    "surface",
    "concrete",
    "damaged"
  ],
  "comp_version": 1,
  "description": "",
  "displacementBias": 0.668191,
  "displacementCalibrationAccuracy": 0.995457,
  "displacementScale": 2.802948,
  "environment": {
    "biome": "urban",
    "region": "Asia"
  },
  "highest_available_res": 8192,
  "id": "ui1obbtew",
  "json": {
    "contentLength": 12733,
    "uri": "ui1obbtew.json"
  },
  "maps": [
    {
      "averageColor": "#F8F8F8",
      "bitDepth": 32,
      "colorSpace": "sRGB",
      "contentLength": 142863545,
      "maxIntensity": 255,
      "mimeType": "image/x-exr",
      "minIntensity": 197,
      "name": "AO",
      "physicalSize": "2x2",
      "resolution": "8192x8192",
      "type": "ao",
      "uri": "ui1obbtew_8K_AO.exr"
    },
    {
      "averageColor": "#F8F8F8",
      "bitDepth": 8,
      "colorSpace": "sRGB",
      "contentLength": 23762779,
      "maxIntensity": 255,
      "mimeType": "image/jpeg",
      "minIntensity": 197,
      "name": "AO",
      "physicalSize": "2x2",
      "resolution": "8192x8192",
      "type": "ao",
      "uri": "ui1obbtew_8K_AO.jpg"
    },
    {
      "averageColor": "#8F8A82",
      "bitDepth": 16,
      "colorSpace": "sRGB",
      "contentLength": 218426998,
      "maxIntensity": 168,
      "mimeType": "image/x-exr",
      "minIntensity": 96,
      "name": "Basecolor",
      "physicalSize": "2x2",
      "resolution": "8192x8192",
      "type": "basecolor",
      "uri": "ui1obbtew_8K_Basecolor.exr"
    },
    {
      "averageColor": "#8F8A82",
      "bitDepth": 8,
      "colorSpace": "sRGB",
      "contentLength": 37023425,
      "maxIntensity": 168,
      "mimeType": "image/jpeg",
      "minIntensity": 96,
      "name": "Basecolor",
      "physicalSize": "2x2",
      "resolution": "8192x8192",
      "type": "basecolor",
      "uri": "ui1obbtew_8K_Basecolor.jpg"
    },
    {
      "averageColor": "#808080",
      "bitDepth": 32,
      "colorSpace": "Linear",
      "contentLength": 194853941,
      "maxIntensity": 255,
      "mimeType": "image/x-exr",
      "minIntensity": 0,
      "name": "Bump",
      "physicalSize": "2x2",
      "resolution": "8192x8192",
      "type": "bump",
      "uri": "ui1obbtew_8K_Bump.exr"
    },
    {
      "averageColor": "#808080",
      "bitDepth": 8,
      "colorSpace": "Linear",
      "contentLength": 15480491,
      "maxIntensity": 255,
      "mimeType": "image/jpeg",
      "minIntensity": 0,
      "name": "Bump",
      "physicalSize": "2x2",
      "resolution": "8192x8192",
      "type": "bump",
      "uri": "ui1obbtew_8K_Bump.jpg"
    },
    {
      "averageColor": "#FFFFFF",
      "bitDepth": 32,
      "colorSpace": "sRGB",
      "contentLength": 204361807,
      "maxIntensity": 255,
      "mimeType": "image/x-exr",
      "minIntensity": 255,
      "name": "Cavity",
      "physicalSize": "2x2",
      "resolution": "8192x8192",
      "type": "cavity",
      "uri": "ui1obbtew_8K_Cavity.exr"
    },
    {
      "averageColor": "#FFFFFF",
      "bitDepth": 8,
      "colorSpace": "sRGB",
      "contentLength": 30701967,
      "maxIntensity": 255,
      "mimeType": "image/jpeg",
      "minIntensity": 255,
      "name": "Cavity",
      "physicalSize": "2x2",
      "resolution": "8192x8192",
      "type": "cavity",
      "uri": "ui1obbtew_8K_Cavity.jpg"
    },
    {
      "averageColor": "#808080",
      "bitDepth": 32,
      "colorSpace": "Linear",
      "contentLength": 254944016,
      "maxIntensity": 138,
      "mimeType": "image/x-exr",
      "minIntensity": 111,
      "name": "Displacement",
      "physicalSize": "2x2",
      "resolution": "8192x8192",
      "type": "displacement",
      "uri": "ui1obbtew_8K_Displacement.exr"
    },
    {
      "averageColor": "#808080",
      "bitDepth": 8,
      "colorSpace": "Linear",
      "contentLength": 3730918,
      "maxIntensity": 138,
      "mimeType": "image/jpeg",
      "minIntensity": 111,
      "name": "Displacement",
      "physicalSize": "2x2",
      "resolution": "8192x8192",
      "type": "displacement",
      "uri": "ui1obbtew_8K_Displacement.jpg"
    },
    {
      "averageColor": "#505050",
      "bitDepth": 32,
      "colorSpace": "Linear",
      "contentLength": 178866809,
      "maxIntensity": 103,
      "mimeType": "image/x-exr",
      "minIntensity": 39,
      "name": "Gloss",
      "physicalSize": "2x2",
      "resolution": "8192x8192",
      "type": "gloss",
      "uri": "ui1obbtew_8K_Gloss.exr"
    },
    {
      "averageColor": "#505050",
      "bitDepth": 8,
      "colorSpace": "Linear",
      "contentLength": 31493873,
      "maxIntensity": 103,
      "mimeType": "image/jpeg",
      "minIntensity": 39,
      "name": "Gloss",
      "physicalSize": "2x2",
      "resolution": "8192x8192",
      "type": "gloss",
      "uri": "ui1obbtew_8K_Gloss.jpg"
    },
    {
      "averageColor": "#8181FE",
      "bitDepth": 16,
      "colorSpace": "Linear",
      "contentLength": 161437696,
      "maxIntensity": 162,
      "mimeType": "image/x-exr",
      "minIntensity": 122,
      "name": "Normal",
      "physicalSize": "2x2",
      "resolution": "8192x8192",
      "type": "normal",
      "uri": "ui1obbtew_8K_Normal.exr"
    },
    {
      "averageColor": "#8181FE",
      "bitDepth": 8,
      "colorSpace": "Linear",
      "contentLength": 39877131,
      "maxIntensity": 162,
      "mimeType": "image/jpeg",
      "minIntensity": 122,
      "name": "Normal",
      "physicalSize": "2x2",
      "resolution": "8192x8192",
      "type": "normal",
      "uri": "ui1obbtew_8K_Normal.jpg"
    },
    {
      "averageColor": "#AFAFAF",
      "bitDepth": 32,
      "colorSpace": "Linear",
      "contentLength": 169021341,
      "maxIntensity": 216,
      "mimeType": "image/x-exr",
      "minIntensity": 152,
      "name": "Roughness",
      "physicalSize": "2x2",
      "resolution": "8192x8192",
      "type": "roughness",
      "uri": "ui1obbtew_8K_Roughness.exr"
    },
    {
      "averageColor": "#AFAFAF",
      "bitDepth": 8,
      "colorSpace": "Linear",
      "contentLength": 30594812,
      "maxIntensity": 216,
      "mimeType": "image/jpeg",
      "minIntensity": 152,
      "name": "Roughness",
      "physicalSize": "2x2",
      "resolution": "8192x8192",
      "type": "roughness",
      "uri": "ui1obbtew_8K_Roughness.jpg"
    },
    {
      "averageColor": "#383838",
      "bitDepth": 16,
      "colorSpace": "sRGB",
      "contentLength": 203208558,
      "maxIntensity": 56,
      "mimeType": "image/x-exr",
      "minIntensity": 56,
      "name": "Specular",
      "physicalSize": "2x2",
      "resolution": "8192x8192",
      "type": "specular",
      "uri": "ui1obbtew_8K_Specular.exr"
    },
    {
      "averageColor": "#383838",
      "bitDepth": 8,
      "colorSpace": "sRGB",
      "contentLength": 17071085,
      "maxIntensity": 56,
      "mimeType": "image/jpeg",
      "minIntensity": 56,
      "name": "Specular",
      "physicalSize": "2x2",
      "resolution": "8192x8192",
      "type": "specular",
      "uri": "ui1obbtew_8K_Specular.jpg"
    }
  ],
  "meta": [
    {
      "key": "scanArea",
      "name": "Scan Area",
      "value": "2x2 m"
    },
    {
      "key": "height",
      "name": "Height",
      "value": "0.021 m"
    },
    {
      "key": "tileable",
      "name": "Tileable",
      "value": true
    },
    {
      "key": "tiling_directions",
      "name": "Tiling Directions",
      "value": [
        "x",
        "y"
      ]
    },
    {
      "key": "texelDensity",
      "name": "Texel Density",
      "value": "4096 px/m"
    },
    {
      "key": "calibration",
      "name": "Calibration",
      "value": "GretagMacbeth ColorChecker Color Rendition Chart"
    },
    {
      "key": "scanner",
      "name": "Scanner",
      "value": "MKX"
    }
  ],
  "models": [],
  "name": "Rough Concrete Wall",
  "pack": {
    "_id": "unfinished-building",
    "name": "Unfinished Building"
  },
  "physicalSize": null,
  "points": 2,
  "previews": {
    "images": [
      {
        "contentLength": 248097,
        "resolution": "360x360",
        "tags": [
          "thumb"
        ],
        "uri": "ui1obbtew_Grid_360.png"
      },
      {
        "contentLength": 334238,
        "resolution": "420x420",
        "tags": [
          "thumb"
        ],
        "uri": "ui1obbtew_Grid_420.png"
      },
      {
        "contentLength": 984444,
        "resolution": "720x720",
        "tags": [
          "thumb",
          "retina"
        ],
        "uri": "ui1obbtew_Grid_720.png"
      },
      {
        "contentLength": 1342970,
        "resolution": "840x840",
        "tags": [
          "thumb",
          "retina"
        ],
        "uri": "ui1obbtew_Grid_840.png"
      },
      {
        "contentLength": 2397819,
        "resolution": "1440x768",
        "tags": [
          "preview",
          "clay"
        ],
        "uri": "ui1obbtew_PopupClay_1440.png"
      },
      {
        "contentLength": 4513128,
        "resolution": "1920x1080",
        "tags": [
          "preview",
          "clay"
        ],
        "uri": "ui1obbtew_PopupClay_1920.png"
      },
      {
        "contentLength": 9748623,
        "resolution": "2880x1536",
        "tags": [
          "preview",
          "clay",
          "retina"
        ],
        "uri": "ui1obbtew_PopupClay_2880.png"
      },
      {
        "contentLength": 18824005,
        "resolution": "3840x2160",
        "tags": [
          "preview",
          "clay",
          "retina"
        ],
        "uri": "ui1obbtew_PopupClay_3840.png"
      },
      {
        "contentLength": 2816968,
        "resolution": "1440x768",
        "tags": [
          "preview",
          "tiled"
        ],
        "uri": "ui1obbtew_PopupTiled_1440.png"
      },
      {
        "contentLength": 5255793,
        "resolution": "1920x1080",
        "tags": [
          "preview",
          "tiled"
        ],
        "uri": "ui1obbtew_PopupTiled_1920.png"
      },
      {
        "contentLength": 11280606,
        "resolution": "2880x1536",
        "tags": [
          "preview",
          "tiled",
          "retina"
        ],
        "uri": "ui1obbtew_PopupTiled_2880.png"
      },
      {
        "contentLength": 21687429,
        "resolution": "3840x2160",
        "tags": [
          "preview",
          "tiled",
          "retina"
        ],
        "uri": "ui1obbtew_PopupTiled_3840.png"
      },
      {
        "contentLength": 2807274,
        "resolution": "1440x768",
        "tags": [
          "preview"
        ],
        "uri": "ui1obbtew_Popup_1440.png"
      },
      {
        "contentLength": 5274478,
        "resolution": "1920x1080",
        "tags": [
          "preview"
        ],
        "uri": "ui1obbtew_Popup_1920.png"
      },
      {
        "contentLength": 11384407,
        "resolution": "2880x1536",
        "tags": [
          "preview",
          "retina"
        ],
        "uri": "ui1obbtew_Popup_2880.png"
      },
      {
        "contentLength": 22003542,
        "resolution": "3840x2160",
        "tags": [
          "preview",
          "retina"
        ],
        "uri": "ui1obbtew_Popup_3840.png"
      }
    ],
    "relativeSize": "1x1",
    "scaleReferences": []
  },
  "process_date": "2024-04-17 02:59:06",
  "properties": [],
  "referencePreviews": {
    "maps": [],
    "models": []
  },
  "references": [],
  "revised": false,
  "revision": 0,
  "semanticTags": {
    "architectural_style": {},
    "asset_type": "surface",
    "city": "Islamabad",
    "color": [
      "Gray"
    ],
    "contains": [
      "Concrete",
      "Cement",
      "Stains",
      "Cracks",
      "Drips"
    ],
    "country": "Pakistan",
    "descriptive": [
      "Stained",
      "Dirty",
      "Rough",
      "Coarse"
    ],
    "environment": [
      "urban",
      "industrial"
    ],
    "industry": [
      "games"
    ],
    "interior_exterior": [
      "exterior"
    ],
    "locations": {
      "Asia": {
        "Pakistan": {
          "Islamabad": {}
        }
      }
    },
    "maxSize": 2,
    "minSize": 2,
    "name": "Rough Concrete Wall",
    "orientation": [
      "wall"
    ],
    "region": "Asia",
    "resolution": 8192,
    "state": [
      "old"
    ],
    "subject_matter": "manmade",
    "theme": [
      "Walls",
      "Buildings",
      "Industry",
      "City",
      "Construction",
      "Construction Site"
    ]
  },
  "tags": [
    "gray",
    "abandoned building",
    "abandoned apartment",
    "exterior",
    "concrete",
    "rough",
    "cracked",
    "stained worn"
  ],
  "texelDensity": 4096,
  "texture_type": "basic",
  "ue_plugin_archives": [
    {
      "contentLength": 230249572,
      "gltfVersion": "2.0",
      "tier": 0,
      "type": "gltf",
      "uri": "ue_plugin_archives/tier_0/ui1obbtew_tier_0.zip",
      "version": 1
    },
    {
      "contentLength": 75248197,
      "gltfVersion": "2.0",
      "tier": 1,
      "type": "gltf",
      "uri": "ue_plugin_archives/tier_1/ui1obbtew_tier_1.zip",
      "version": 1
    },
    {
      "contentLength": 19839553,
      "gltfVersion": "2.0",
      "tier": 2,
      "type": "gltf",
      "uri": "ue_plugin_archives/tier_2/ui1obbtew_tier_2.zip",
      "version": 1
    },
    {
      "contentLength": 1465245,
      "gltfVersion": "2.0",
      "tier": 3,
      "type": "gltf",
      "uri": "ue_plugin_archives/tier_3/ui1obbtew_tier_3.zip",
      "version": 1
    }
  ],
  "version": 2
}